--
-- PostgreSQL database dump
--

-- Dumped from database version 17.5
-- Dumped by pg_dump version 17.5

SET statement_timeout = 0;
SET lock_timeout = 0;
SET idle_in_transaction_session_timeout = 0;
SET transaction_timeout = 0;
SET client_encoding = 'UTF8';
SET standard_conforming_strings = on;
SELECT pg_catalog.set_config('search_path', '', false);
SET check_function_bodies = false;
SET xmloption = content;
SET client_min_messages = warning;
SET row_security = off;

SET default_tablespace = '';

SET default_table_access_method = heap;

--
-- Name: auth_group; Type: TABLE; Schema: public; Owner: postgres
--

CREATE TABLE public.auth_group (
    id integer NOT NULL,
    name character varying(150) NOT NULL
);


ALTER TABLE public.auth_group OWNER TO postgres;

--
-- Name: auth_group_id_seq; Type: SEQUENCE; Schema: public; Owner: postgres
--

ALTER TABLE public.auth_group ALTER COLUMN id ADD GENERATED BY DEFAULT AS IDENTITY (
    SEQUENCE NAME public.auth_group_id_seq
    START WITH 1
    INCREMENT BY 1
    NO MINVALUE
    NO MAXVALUE
    CACHE 1
);


--
-- Name: auth_group_permissions; Type: TABLE; Schema: public; Owner: postgres
--

CREATE TABLE public.auth_group_permissions (
    id bigint NOT NULL,
    group_id integer NOT NULL,
    permission_id integer NOT NULL
);


ALTER TABLE public.auth_group_permissions OWNER TO postgres;

--
-- Name: auth_group_permissions_id_seq; Type: SEQUENCE; Schema: public; Owner: postgres
--

ALTER TABLE public.auth_group_permissions ALTER COLUMN id ADD GENERATED BY DEFAULT AS IDENTITY (
    SEQUENCE NAME public.auth_group_permissions_id_seq
    START WITH 1
    INCREMENT BY 1
    NO MINVALUE
    NO MAXVALUE
    CACHE 1
);


--
-- Name: auth_permission; Type: TABLE; Schema: public; Owner: postgres
--

CREATE TABLE public.auth_permission (
    id integer NOT NULL,
    name character varying(255) NOT NULL,
    content_type_id integer NOT NULL,
    codename character varying(100) NOT NULL
);


ALTER TABLE public.auth_permission OWNER TO postgres;

--
-- Name: auth_permission_id_seq; Type: SEQUENCE; Schema: public; Owner: postgres
--

ALTER TABLE public.auth_permission ALTER COLUMN id ADD GENERATED BY DEFAULT AS IDENTITY (
    SEQUENCE NAME public.auth_permission_id_seq
    START WITH 1
    INCREMENT BY 1
    NO MINVALUE
    NO MAXVALUE
    CACHE 1
);


--
-- Name: auth_user; Type: TABLE; Schema: public; Owner: postgres
--

CREATE TABLE public.auth_user (
    id integer NOT NULL,
    password character varying(128) NOT NULL,
    last_login timestamp with time zone,
    is_superuser boolean NOT NULL,
    username character varying(150) NOT NULL,
    first_name character varying(150) NOT NULL,
    last_name character varying(150) NOT NULL,
    email character varying(254) NOT NULL,
    is_staff boolean NOT NULL,
    is_active boolean NOT NULL,
    date_joined timestamp with time zone NOT NULL
);


ALTER TABLE public.auth_user OWNER TO postgres;

--
-- Name: auth_user_groups; Type: TABLE; Schema: public; Owner: postgres
--

CREATE TABLE public.auth_user_groups (
    id bigint NOT NULL,
    user_id integer NOT NULL,
    group_id integer NOT NULL
);


ALTER TABLE public.auth_user_groups OWNER TO postgres;

--
-- Name: auth_user_groups_id_seq; Type: SEQUENCE; Schema: public; Owner: postgres
--

ALTER TABLE public.auth_user_groups ALTER COLUMN id ADD GENERATED BY DEFAULT AS IDENTITY (
    SEQUENCE NAME public.auth_user_groups_id_seq
    START WITH 1
    INCREMENT BY 1
    NO MINVALUE
    NO MAXVALUE
    CACHE 1
);


--
-- Name: auth_user_id_seq; Type: SEQUENCE; Schema: public; Owner: postgres
--

ALTER TABLE public.auth_user ALTER COLUMN id ADD GENERATED BY DEFAULT AS IDENTITY (
    SEQUENCE NAME public.auth_user_id_seq
    START WITH 1
    INCREMENT BY 1
    NO MINVALUE
    NO MAXVALUE
    CACHE 1
);


--
-- Name: auth_user_user_permissions; Type: TABLE; Schema: public; Owner: postgres
--

CREATE TABLE public.auth_user_user_permissions (
    id bigint NOT NULL,
    user_id integer NOT NULL,
    permission_id integer NOT NULL
);


ALTER TABLE public.auth_user_user_permissions OWNER TO postgres;

--
-- Name: auth_user_user_permissions_id_seq; Type: SEQUENCE; Schema: public; Owner: postgres
--

ALTER TABLE public.auth_user_user_permissions ALTER COLUMN id ADD GENERATED BY DEFAULT AS IDENTITY (
    SEQUENCE NAME public.auth_user_user_permissions_id_seq
    START WITH 1
    INCREMENT BY 1
    NO MINVALUE
    NO MAXVALUE
    CACHE 1
);


--
-- Name: django_admin_log; Type: TABLE; Schema: public; Owner: postgres
--

CREATE TABLE public.django_admin_log (
    id integer NOT NULL,
    action_time timestamp with time zone NOT NULL,
    object_id text,
    object_repr character varying(200) NOT NULL,
    action_flag smallint NOT NULL,
    change_message text NOT NULL,
    content_type_id integer,
    user_id integer NOT NULL,
    CONSTRAINT django_admin_log_action_flag_check CHECK ((action_flag >= 0))
);


ALTER TABLE public.django_admin_log OWNER TO postgres;

--
-- Name: django_admin_log_id_seq; Type: SEQUENCE; Schema: public; Owner: postgres
--

ALTER TABLE public.django_admin_log ALTER COLUMN id ADD GENERATED BY DEFAULT AS IDENTITY (
    SEQUENCE NAME public.django_admin_log_id_seq
    START WITH 1
    INCREMENT BY 1
    NO MINVALUE
    NO MAXVALUE
    CACHE 1
);


--
-- Name: django_content_type; Type: TABLE; Schema: public; Owner: postgres
--

CREATE TABLE public.django_content_type (
    id integer NOT NULL,
    app_label character varying(100) NOT NULL,
    model character varying(100) NOT NULL
);


ALTER TABLE public.django_content_type OWNER TO postgres;

--
-- Name: django_content_type_id_seq; Type: SEQUENCE; Schema: public; Owner: postgres
--

ALTER TABLE public.django_content_type ALTER COLUMN id ADD GENERATED BY DEFAULT AS IDENTITY (
    SEQUENCE NAME public.django_content_type_id_seq
    START WITH 1
    INCREMENT BY 1
    NO MINVALUE
    NO MAXVALUE
    CACHE 1
);


--
-- Name: django_migrations; Type: TABLE; Schema: public; Owner: postgres
--

CREATE TABLE public.django_migrations (
    id bigint NOT NULL,
    app character varying(255) NOT NULL,
    name character varying(255) NOT NULL,
    applied timestamp with time zone NOT NULL
);


ALTER TABLE public.django_migrations OWNER TO postgres;

--
-- Name: django_migrations_id_seq; Type: SEQUENCE; Schema: public; Owner: postgres
--

ALTER TABLE public.django_migrations ALTER COLUMN id ADD GENERATED BY DEFAULT AS IDENTITY (
    SEQUENCE NAME public.django_migrations_id_seq
    START WITH 1
    INCREMENT BY 1
    NO MINVALUE
    NO MAXVALUE
    CACHE 1
);


--
-- Name: django_session; Type: TABLE; Schema: public; Owner: postgres
--

CREATE TABLE public.django_session (
    session_key character varying(40) NOT NULL,
    session_data text NOT NULL,
    expire_date timestamp with time zone NOT NULL
);


ALTER TABLE public.django_session OWNER TO postgres;

--
-- Name: lms_core_bookmark; Type: TABLE; Schema: public; Owner: postgres
--

CREATE TABLE public.lms_core_bookmark (
    id bigint NOT NULL,
    created_at timestamp with time zone NOT NULL,
    content_id bigint NOT NULL,
    student_id integer NOT NULL
);


ALTER TABLE public.lms_core_bookmark OWNER TO postgres;

--
-- Name: lms_core_bookmark_id_seq; Type: SEQUENCE; Schema: public; Owner: postgres
--

ALTER TABLE public.lms_core_bookmark ALTER COLUMN id ADD GENERATED BY DEFAULT AS IDENTITY (
    SEQUENCE NAME public.lms_core_bookmark_id_seq
    START WITH 1
    INCREMENT BY 1
    NO MINVALUE
    NO MAXVALUE
    CACHE 1
);


--
-- Name: lms_core_category; Type: TABLE; Schema: public; Owner: postgres
--

CREATE TABLE public.lms_core_category (
    id bigint NOT NULL,
    name character varying(255) NOT NULL
);


ALTER TABLE public.lms_core_category OWNER TO postgres;

--
-- Name: lms_core_category_id_seq; Type: SEQUENCE; Schema: public; Owner: postgres
--

ALTER TABLE public.lms_core_category ALTER COLUMN id ADD GENERATED BY DEFAULT AS IDENTITY (
    SEQUENCE NAME public.lms_core_category_id_seq
    START WITH 1
    INCREMENT BY 1
    NO MINVALUE
    NO MAXVALUE
    CACHE 1
);


--
-- Name: lms_core_comment; Type: TABLE; Schema: public; Owner: postgres
--

CREATE TABLE public.lms_core_comment (
    id bigint NOT NULL,
    comment text NOT NULL,
    created_at timestamp with time zone NOT NULL,
    updated_at timestamp with time zone NOT NULL,
    content_id_id bigint NOT NULL,
    member_id_id bigint NOT NULL
);


ALTER TABLE public.lms_core_comment OWNER TO postgres;

--
-- Name: lms_core_comment_id_seq; Type: SEQUENCE; Schema: public; Owner: postgres
--

ALTER TABLE public.lms_core_comment ALTER COLUMN id ADD GENERATED BY DEFAULT AS IDENTITY (
    SEQUENCE NAME public.lms_core_comment_id_seq
    START WITH 1
    INCREMENT BY 1
    NO MINVALUE
    NO MAXVALUE
    CACHE 1
);


--
-- Name: lms_core_course; Type: TABLE; Schema: public; Owner: postgres
--

CREATE TABLE public.lms_core_course (
    id bigint NOT NULL,
    name character varying(255) NOT NULL,
    description text NOT NULL,
    price integer NOT NULL,
    image character varying(100),
    created_at timestamp with time zone NOT NULL,
    updated_at timestamp with time zone NOT NULL,
    teacher_id integer NOT NULL,
    category_id bigint
);


ALTER TABLE public.lms_core_course OWNER TO postgres;

--
-- Name: lms_core_course_id_seq; Type: SEQUENCE; Schema: public; Owner: postgres
--

ALTER TABLE public.lms_core_course ALTER COLUMN id ADD GENERATED BY DEFAULT AS IDENTITY (
    SEQUENCE NAME public.lms_core_course_id_seq
    START WITH 1
    INCREMENT BY 1
    NO MINVALUE
    NO MAXVALUE
    CACHE 1
);


--
-- Name: lms_core_courseannouncement; Type: TABLE; Schema: public; Owner: postgres
--

CREATE TABLE public.lms_core_courseannouncement (
    id bigint NOT NULL,
    title character varying(255) NOT NULL,
    content text NOT NULL,
    date timestamp with time zone NOT NULL,
    course_id bigint NOT NULL,
    teacher_id integer NOT NULL,
    created_at timestamp with time zone NOT NULL,
    updated_at timestamp with time zone NOT NULL
);


ALTER TABLE public.lms_core_courseannouncement OWNER TO postgres;

--
-- Name: lms_core_courseannouncement_id_seq; Type: SEQUENCE; Schema: public; Owner: postgres
--

ALTER TABLE public.lms_core_courseannouncement ALTER COLUMN id ADD GENERATED BY DEFAULT AS IDENTITY (
    SEQUENCE NAME public.lms_core_courseannouncement_id_seq
    START WITH 1
    INCREMENT BY 1
    NO MINVALUE
    NO MAXVALUE
    CACHE 1
);


--
-- Name: lms_core_coursecontent; Type: TABLE; Schema: public; Owner: postgres
--

CREATE TABLE public.lms_core_coursecontent (
    id bigint NOT NULL,
    name character varying(200) NOT NULL,
    description text NOT NULL,
    video_url character varying(200),
    file_attachment character varying(100),
    created_at timestamp with time zone NOT NULL,
    updated_at timestamp with time zone NOT NULL,
    course_id_id bigint NOT NULL,
    parent_id_id bigint
);


ALTER TABLE public.lms_core_coursecontent OWNER TO postgres;

--
-- Name: lms_core_coursecontent_id_seq; Type: SEQUENCE; Schema: public; Owner: postgres
--

ALTER TABLE public.lms_core_coursecontent ALTER COLUMN id ADD GENERATED BY DEFAULT AS IDENTITY (
    SEQUENCE NAME public.lms_core_coursecontent_id_seq
    START WITH 1
    INCREMENT BY 1
    NO MINVALUE
    NO MAXVALUE
    CACHE 1
);


--
-- Name: lms_core_coursemember; Type: TABLE; Schema: public; Owner: postgres
--

CREATE TABLE public.lms_core_coursemember (
    id bigint NOT NULL,
    roles character varying(3) NOT NULL,
    created_at timestamp with time zone NOT NULL,
    updated_at timestamp with time zone NOT NULL,
    course_id_id bigint NOT NULL,
    user_id_id integer NOT NULL
);


ALTER TABLE public.lms_core_coursemember OWNER TO postgres;

--
-- Name: lms_core_coursemember_id_seq; Type: SEQUENCE; Schema: public; Owner: postgres
--

ALTER TABLE public.lms_core_coursemember ALTER COLUMN id ADD GENERATED BY DEFAULT AS IDENTITY (
    SEQUENCE NAME public.lms_core_coursemember_id_seq
    START WITH 1
    INCREMENT BY 1
    NO MINVALUE
    NO MAXVALUE
    CACHE 1
);


--
-- Name: lms_core_profile; Type: TABLE; Schema: public; Owner: postgres
--

CREATE TABLE public.lms_core_profile (
    id bigint NOT NULL,
    phone_number character varying(20),
    description text,
    profile_picture character varying(100),
    user_id integer NOT NULL,
    role character varying(7) NOT NULL
);


ALTER TABLE public.lms_core_profile OWNER TO postgres;

--
-- Name: lms_core_profile_id_seq; Type: SEQUENCE; Schema: public; Owner: postgres
--

ALTER TABLE public.lms_core_profile ALTER COLUMN id ADD GENERATED BY DEFAULT AS IDENTITY (
    SEQUENCE NAME public.lms_core_profile_id_seq
    START WITH 1
    INCREMENT BY 1
    NO MINVALUE
    NO MAXVALUE
    CACHE 1
);


--
-- Data for Name: auth_group; Type: TABLE DATA; Schema: public; Owner: postgres
--

COPY public.auth_group (id, name) FROM stdin;
\.


--
-- Data for Name: auth_group_permissions; Type: TABLE DATA; Schema: public; Owner: postgres
--

COPY public.auth_group_permissions (id, group_id, permission_id) FROM stdin;
\.


--
-- Data for Name: auth_permission; Type: TABLE DATA; Schema: public; Owner: postgres
--

COPY public.auth_permission (id, name, content_type_id, codename) FROM stdin;
1	Can add log entry	1	add_logentry
2	Can change log entry	1	change_logentry
3	Can delete log entry	1	delete_logentry
4	Can view log entry	1	view_logentry
5	Can add permission	2	add_permission
6	Can change permission	2	change_permission
7	Can delete permission	2	delete_permission
8	Can view permission	2	view_permission
9	Can add group	3	add_group
10	Can change group	3	change_group
11	Can delete group	3	delete_group
12	Can view group	3	view_group
13	Can add user	4	add_user
14	Can change user	4	change_user
15	Can delete user	4	delete_user
16	Can view user	4	view_user
17	Can add content type	5	add_contenttype
18	Can change content type	5	change_contenttype
19	Can delete content type	5	delete_contenttype
20	Can view content type	5	view_contenttype
21	Can add session	6	add_session
22	Can change session	6	change_session
23	Can delete session	6	delete_session
24	Can view session	6	view_session
25	Can add Mata Kuliah	7	add_course
26	Can change Mata Kuliah	7	change_course
27	Can delete Mata Kuliah	7	delete_course
28	Can view Mata Kuliah	7	view_course
29	Can add Konten Matkul	8	add_coursecontent
30	Can change Konten Matkul	8	change_coursecontent
31	Can delete Konten Matkul	8	delete_coursecontent
32	Can view Konten Matkul	8	view_coursecontent
33	Can add Subscriber Matkul	9	add_coursemember
34	Can change Subscriber Matkul	9	change_coursemember
35	Can delete Subscriber Matkul	9	delete_coursemember
36	Can view Subscriber Matkul	9	view_coursemember
37	Can add Komentar	10	add_comment
38	Can change Komentar	10	change_comment
39	Can delete Komentar	10	delete_comment
40	Can view Komentar	10	view_comment
41	Can add profile	11	add_profile
42	Can change profile	11	change_profile
43	Can delete profile	11	delete_profile
44	Can view profile	11	view_profile
45	Can add course announcement	12	add_courseannouncement
46	Can change course announcement	12	change_courseannouncement
47	Can delete course announcement	12	delete_courseannouncement
48	Can view course announcement	12	view_courseannouncement
49	Can add category	13	add_category
50	Can change category	13	change_category
51	Can delete category	13	delete_category
52	Can view category	13	view_category
53	Can add bookmark	14	add_bookmark
54	Can change bookmark	14	change_bookmark
55	Can delete bookmark	14	delete_bookmark
56	Can view bookmark	14	view_bookmark
\.


--
-- Data for Name: auth_user; Type: TABLE DATA; Schema: public; Owner: postgres
--

COPY public.auth_user (id, password, last_login, is_superuser, username, first_name, last_name, email, is_staff, is_active, date_joined) FROM stdin;
2	pbkdf2_sha256$870000$kB9jVw93NYD1GpeTV9N9Ja$uHBifYyQhdZm+uSfh+nL4EAtqhcE+W1mQnREW0CwI6I=	\N	f	admin	Admin	Satuu	adminsatu@gmail.com	f	t	2025-06-20 21:35:10.044543+07
16	pbkdf2_sha256$870000$qIr97qhLe1FMYP25tcqIkT$YIqFRIHHfwzvhMCPtTHkcBo+zw1gy7P+HVxYaZuqJww=	\N	f	TeacherSatu	teacher	1	teacher@gmail.com	f	t	2025-06-21 12:45:20.96238+07
17	pbkdf2_sha256$870000$2Np61tdVfghBqb6xdciWIy$zw7HjNFQzXlabMt4bqHlUriosrJk+3M7OeH7Nj3Airw=	\N	f	StudenSatu	student	1	student@gmail.com	f	t	2025-06-21 12:46:07.444474+07
1	pbkdf2_sha256$870000$nZsreEMk0g425JFo5Yy7Gx$uPiKKbBJl0zje3RIDCmDdbnz1f1JAT9ikKh/6XmKw/w=	\N	f	LarissaWylie	Larisaa	Lala	Larisa@gmail.com	f	t	2025-06-20 21:13:27.001097+07
\.


--
-- Data for Name: auth_user_groups; Type: TABLE DATA; Schema: public; Owner: postgres
--

COPY public.auth_user_groups (id, user_id, group_id) FROM stdin;
\.


--
-- Data for Name: auth_user_user_permissions; Type: TABLE DATA; Schema: public; Owner: postgres
--

COPY public.auth_user_user_permissions (id, user_id, permission_id) FROM stdin;
\.


--
-- Data for Name: django_admin_log; Type: TABLE DATA; Schema: public; Owner: postgres
--

COPY public.django_admin_log (id, action_time, object_id, object_repr, action_flag, change_message, content_type_id, user_id) FROM stdin;
\.


--
-- Data for Name: django_content_type; Type: TABLE DATA; Schema: public; Owner: postgres
--

COPY public.django_content_type (id, app_label, model) FROM stdin;
1	admin	logentry
2	auth	permission
3	auth	group
4	auth	user
5	contenttypes	contenttype
6	sessions	session
7	lms_core	course
8	lms_core	coursecontent
9	lms_core	coursemember
10	lms_core	comment
11	lms_core	profile
12	lms_core	courseannouncement
13	lms_core	category
14	lms_core	bookmark
\.


--
-- Data for Name: django_migrations; Type: TABLE DATA; Schema: public; Owner: postgres
--

COPY public.django_migrations (id, app, name, applied) FROM stdin;
1	contenttypes	0001_initial	2025-06-20 21:07:49.918674+07
2	auth	0001_initial	2025-06-20 21:07:49.967981+07
3	admin	0001_initial	2025-06-20 21:07:49.981709+07
4	admin	0002_logentry_remove_auto_add	2025-06-20 21:07:49.986709+07
5	admin	0003_logentry_add_action_flag_choices	2025-06-20 21:07:49.991024+07
6	contenttypes	0002_remove_content_type_name	2025-06-20 21:07:50.00211+07
7	auth	0002_alter_permission_name_max_length	2025-06-20 21:07:50.007959+07
8	auth	0003_alter_user_email_max_length	2025-06-20 21:07:50.012965+07
9	auth	0004_alter_user_username_opts	2025-06-20 21:07:50.017433+07
10	auth	0005_alter_user_last_login_null	2025-06-20 21:07:50.022236+07
11	auth	0006_require_contenttypes_0002	2025-06-20 21:07:50.023226+07
12	auth	0007_alter_validators_add_error_messages	2025-06-20 21:07:50.028312+07
13	auth	0008_alter_user_username_max_length	2025-06-20 21:07:50.035538+07
14	auth	0009_alter_user_last_name_max_length	2025-06-20 21:07:50.041067+07
15	auth	0010_alter_group_name_max_length	2025-06-20 21:07:50.048103+07
16	auth	0011_update_proxy_permissions	2025-06-20 21:07:50.054+07
17	auth	0012_alter_user_first_name_max_length	2025-06-20 21:07:50.058992+07
18	lms_core	0001_initial	2025-06-20 21:07:50.072349+07
19	lms_core	0002_alter_course_options_alter_course_image	2025-06-20 21:07:50.081005+07
20	lms_core	0003_coursecontent_coursemember_comment	2025-06-20 21:07:50.121979+07
21	sessions	0001_initial	2025-06-20 21:07:50.128347+07
22	lms_core	0004_profile	2025-06-20 21:34:22.424762+07
23	lms_core	0005_alter_profile_profile_picture_alter_profile_user	2025-06-20 21:48:29.963806+07
24	lms_core	0006_profile_role_alter_profile_phone_number_and_more	2025-06-20 22:21:52.870105+07
25	lms_core	0007_courseannouncement_created_at_and_more	2025-06-20 23:35:53.514354+07
26	lms_core	0008_category_alter_course_options_course_category	2025-06-21 10:20:06.574036+07
27	lms_core	0009_bookmark	2025-06-21 10:55:50.659618+07
\.


--
-- Data for Name: django_session; Type: TABLE DATA; Schema: public; Owner: postgres
--

COPY public.django_session (session_key, session_data, expire_date) FROM stdin;
pj7kml5ammk0e0v74x35aezxchyqt3nb	.eJxVjMsOwiAQRf-FtSEgDA-X7vsNBIZBqgaS0q6M_65NutDtPefcFwtxW2vYBi1hzuzCFDv9binig9oO8j22W-fY27rMie8KP-jgU8_0vB7u30GNo35rTZIUCucdaClVRCpgyTp_FtE4AJLeCe2FI2t1MgQIxZeElKU11iB7fwDHFTds:1uSdMm:RjDruUBH2LOBH81QrcyS3faSAGEJQPYR58K3NLubr4g	2025-07-04 22:09:20.422772+07
8n5f729lqk485seck4by8g944hh7x5rc	.eJxVjMsOwiAQRf-FtSEgDA-X7vsNBIZBqgaS0q6M_65NutDtPefcFwtxW2vYBi1hzuzCFDv9binig9oO8j22W-fY27rMie8KP-jgU8_0vB7u30GNo35rTZIUCucdaClVRCpgyTp_FtE4AJLeCe2FI2t1MgQIxZeElKU11iB7fwDHFTds:1uSpS9:x1kWohasyjx5gD6n76BGPwx4iMnfQQ3xYF8vioZFyus	2025-07-05 11:03:41.425468+07
\.


--
-- Data for Name: lms_core_bookmark; Type: TABLE DATA; Schema: public; Owner: postgres
--

COPY public.lms_core_bookmark (id, created_at, content_id, student_id) FROM stdin;
3	2025-06-21 11:30:49.996493+07	1	2
\.


--
-- Data for Name: lms_core_category; Type: TABLE DATA; Schema: public; Owner: postgres
--

COPY public.lms_core_category (id, name) FROM stdin;
2	Mathematics
3	Sains
4	Tech
\.


--
-- Data for Name: lms_core_comment; Type: TABLE DATA; Schema: public; Owner: postgres
--

COPY public.lms_core_comment (id, comment, created_at, updated_at, content_id_id, member_id_id) FROM stdin;
\.


--
-- Data for Name: lms_core_course; Type: TABLE DATA; Schema: public; Owner: postgres
--

COPY public.lms_core_course (id, name, description, price, image, created_at, updated_at, teacher_id, category_id) FROM stdin;
1	Kursus 1	deskripsi kursus 1	50000		2025-06-20 22:10:21.587935+07	2025-06-20 22:10:21.587935+07	1	\N
\.


--
-- Data for Name: lms_core_courseannouncement; Type: TABLE DATA; Schema: public; Owner: postgres
--

COPY public.lms_core_courseannouncement (id, title, content, date, course_id, teacher_id, created_at, updated_at) FROM stdin;
2	Pengumuman Kursus Baru	Ini adalah pengumuman mengenai kursus baru.	2025-06-20 22:10:21.587935+07	1	1	2025-06-20 23:35:53.503415+07	2025-06-20 23:35:53.514354+07
3	Pengumuman Kursus Baru	Ini adalah pengumuman mengenai kursus baru.	2025-06-20 22:10:21.587935+07	1	1	2025-06-20 23:35:53.503415+07	2025-06-20 23:35:53.514354+07
4	Pengumuman Kursus Baru	Ini adalah pengumuman mengenai kursus baru.	2025-06-20 22:10:21.587935+07	1	1	2025-06-20 23:35:53.503415+07	2025-06-20 23:35:53.514354+07
\.


--
-- Data for Name: lms_core_coursecontent; Type: TABLE DATA; Schema: public; Owner: postgres
--

COPY public.lms_core_coursecontent (id, name, description, video_url, file_attachment, created_at, updated_at, course_id_id, parent_id_id) FROM stdin;
1	Konten Matkul 1	Deskripsi Konten Matkul Ini	\N		2025-06-21 11:08:37.00093+07	2025-06-21 11:08:37.00093+07	1	\N
\.


--
-- Data for Name: lms_core_coursemember; Type: TABLE DATA; Schema: public; Owner: postgres
--

COPY public.lms_core_coursemember (id, roles, created_at, updated_at, course_id_id, user_id_id) FROM stdin;
1	std	2025-06-21 13:48:13.591433+07	2025-06-21 13:48:13.591433+07	1	1
2	std	2025-06-21 13:48:13.594512+07	2025-06-21 13:48:13.594512+07	1	16
3	std	2025-06-21 13:52:03.968484+07	2025-06-21 13:52:03.968484+07	1	2
4	std	2025-06-21 13:52:03.972815+07	2025-06-21 13:52:03.972815+07	1	17
\.


--
-- Data for Name: lms_core_profile; Type: TABLE DATA; Schema: public; Owner: postgres
--

COPY public.lms_core_profile (id, phone_number, description, profile_picture, user_id, role) FROM stdin;
21	081234567890	aku adalah guru	profile_pics/premium_photo-1702830270404-e45534fe75fa_11zon_ePxFbbm.jpg	16	teacher
22	081234567890	aku adalah siswa	profile_pics/premium_photo-1702830270404-e45534fe75fa_11zon_ffKVXw1.jpg	17	student
3	+6288232167226	Updated profile description	profile_pics/photo-1603487742131-4160ec999306_11zon_5cES1XI.jpg	1	teacher
1	+6288232167226	Updated profile description	profile_pics/photo-1603487742131-4160ec999306_11zon_2oZyco6.jpg	2	student
\.


--
-- Name: auth_group_id_seq; Type: SEQUENCE SET; Schema: public; Owner: postgres
--

SELECT pg_catalog.setval('public.auth_group_id_seq', 1, false);


--
-- Name: auth_group_permissions_id_seq; Type: SEQUENCE SET; Schema: public; Owner: postgres
--

SELECT pg_catalog.setval('public.auth_group_permissions_id_seq', 1, false);


--
-- Name: auth_permission_id_seq; Type: SEQUENCE SET; Schema: public; Owner: postgres
--

SELECT pg_catalog.setval('public.auth_permission_id_seq', 56, true);


--
-- Name: auth_user_groups_id_seq; Type: SEQUENCE SET; Schema: public; Owner: postgres
--

SELECT pg_catalog.setval('public.auth_user_groups_id_seq', 1, false);


--
-- Name: auth_user_id_seq; Type: SEQUENCE SET; Schema: public; Owner: postgres
--

SELECT pg_catalog.setval('public.auth_user_id_seq', 17, true);


--
-- Name: auth_user_user_permissions_id_seq; Type: SEQUENCE SET; Schema: public; Owner: postgres
--

SELECT pg_catalog.setval('public.auth_user_user_permissions_id_seq', 1, false);


--
-- Name: django_admin_log_id_seq; Type: SEQUENCE SET; Schema: public; Owner: postgres
--

SELECT pg_catalog.setval('public.django_admin_log_id_seq', 2, true);


--
-- Name: django_content_type_id_seq; Type: SEQUENCE SET; Schema: public; Owner: postgres
--

SELECT pg_catalog.setval('public.django_content_type_id_seq', 14, true);


--
-- Name: django_migrations_id_seq; Type: SEQUENCE SET; Schema: public; Owner: postgres
--

SELECT pg_catalog.setval('public.django_migrations_id_seq', 27, true);


--
-- Name: lms_core_bookmark_id_seq; Type: SEQUENCE SET; Schema: public; Owner: postgres
--

SELECT pg_catalog.setval('public.lms_core_bookmark_id_seq', 3, true);


--
-- Name: lms_core_category_id_seq; Type: SEQUENCE SET; Schema: public; Owner: postgres
--

SELECT pg_catalog.setval('public.lms_core_category_id_seq', 5, true);


--
-- Name: lms_core_comment_id_seq; Type: SEQUENCE SET; Schema: public; Owner: postgres
--

SELECT pg_catalog.setval('public.lms_core_comment_id_seq', 1, false);


--
-- Name: lms_core_course_id_seq; Type: SEQUENCE SET; Schema: public; Owner: postgres
--

SELECT pg_catalog.setval('public.lms_core_course_id_seq', 1, true);


--
-- Name: lms_core_courseannouncement_id_seq; Type: SEQUENCE SET; Schema: public; Owner: postgres
--

SELECT pg_catalog.setval('public.lms_core_courseannouncement_id_seq', 5, true);


--
-- Name: lms_core_coursecontent_id_seq; Type: SEQUENCE SET; Schema: public; Owner: postgres
--

SELECT pg_catalog.setval('public.lms_core_coursecontent_id_seq', 1, true);


--
-- Name: lms_core_coursemember_id_seq; Type: SEQUENCE SET; Schema: public; Owner: postgres
--

SELECT pg_catalog.setval('public.lms_core_coursemember_id_seq', 4, true);


--
-- Name: lms_core_profile_id_seq; Type: SEQUENCE SET; Schema: public; Owner: postgres
--

SELECT pg_catalog.setval('public.lms_core_profile_id_seq', 22, true);


--
-- Name: auth_group auth_group_name_key; Type: CONSTRAINT; Schema: public; Owner: postgres
--

ALTER TABLE ONLY public.auth_group
    ADD CONSTRAINT auth_group_name_key UNIQUE (name);


--
-- Name: auth_group_permissions auth_group_permissions_group_id_permission_id_0cd325b0_uniq; Type: CONSTRAINT; Schema: public; Owner: postgres
--

ALTER TABLE ONLY public.auth_group_permissions
    ADD CONSTRAINT auth_group_permissions_group_id_permission_id_0cd325b0_uniq UNIQUE (group_id, permission_id);


--
-- Name: auth_group_permissions auth_group_permissions_pkey; Type: CONSTRAINT; Schema: public; Owner: postgres
--

ALTER TABLE ONLY public.auth_group_permissions
    ADD CONSTRAINT auth_group_permissions_pkey PRIMARY KEY (id);


--
-- Name: auth_group auth_group_pkey; Type: CONSTRAINT; Schema: public; Owner: postgres
--

ALTER TABLE ONLY public.auth_group
    ADD CONSTRAINT auth_group_pkey PRIMARY KEY (id);


--
-- Name: auth_permission auth_permission_content_type_id_codename_01ab375a_uniq; Type: CONSTRAINT; Schema: public; Owner: postgres
--

ALTER TABLE ONLY public.auth_permission
    ADD CONSTRAINT auth_permission_content_type_id_codename_01ab375a_uniq UNIQUE (content_type_id, codename);


--
-- Name: auth_permission auth_permission_pkey; Type: CONSTRAINT; Schema: public; Owner: postgres
--

ALTER TABLE ONLY public.auth_permission
    ADD CONSTRAINT auth_permission_pkey PRIMARY KEY (id);


--
-- Name: auth_user_groups auth_user_groups_pkey; Type: CONSTRAINT; Schema: public; Owner: postgres
--

ALTER TABLE ONLY public.auth_user_groups
    ADD CONSTRAINT auth_user_groups_pkey PRIMARY KEY (id);


--
-- Name: auth_user_groups auth_user_groups_user_id_group_id_94350c0c_uniq; Type: CONSTRAINT; Schema: public; Owner: postgres
--

ALTER TABLE ONLY public.auth_user_groups
    ADD CONSTRAINT auth_user_groups_user_id_group_id_94350c0c_uniq UNIQUE (user_id, group_id);


--
-- Name: auth_user auth_user_pkey; Type: CONSTRAINT; Schema: public; Owner: postgres
--

ALTER TABLE ONLY public.auth_user
    ADD CONSTRAINT auth_user_pkey PRIMARY KEY (id);


--
-- Name: auth_user_user_permissions auth_user_user_permissions_pkey; Type: CONSTRAINT; Schema: public; Owner: postgres
--

ALTER TABLE ONLY public.auth_user_user_permissions
    ADD CONSTRAINT auth_user_user_permissions_pkey PRIMARY KEY (id);


--
-- Name: auth_user_user_permissions auth_user_user_permissions_user_id_permission_id_14a6b632_uniq; Type: CONSTRAINT; Schema: public; Owner: postgres
--

ALTER TABLE ONLY public.auth_user_user_permissions
    ADD CONSTRAINT auth_user_user_permissions_user_id_permission_id_14a6b632_uniq UNIQUE (user_id, permission_id);


--
-- Name: auth_user auth_user_username_key; Type: CONSTRAINT; Schema: public; Owner: postgres
--

ALTER TABLE ONLY public.auth_user
    ADD CONSTRAINT auth_user_username_key UNIQUE (username);


--
-- Name: django_admin_log django_admin_log_pkey; Type: CONSTRAINT; Schema: public; Owner: postgres
--

ALTER TABLE ONLY public.django_admin_log
    ADD CONSTRAINT django_admin_log_pkey PRIMARY KEY (id);


--
-- Name: django_content_type django_content_type_app_label_model_76bd3d3b_uniq; Type: CONSTRAINT; Schema: public; Owner: postgres
--

ALTER TABLE ONLY public.django_content_type
    ADD CONSTRAINT django_content_type_app_label_model_76bd3d3b_uniq UNIQUE (app_label, model);


--
-- Name: django_content_type django_content_type_pkey; Type: CONSTRAINT; Schema: public; Owner: postgres
--

ALTER TABLE ONLY public.django_content_type
    ADD CONSTRAINT django_content_type_pkey PRIMARY KEY (id);


--
-- Name: django_migrations django_migrations_pkey; Type: CONSTRAINT; Schema: public; Owner: postgres
--

ALTER TABLE ONLY public.django_migrations
    ADD CONSTRAINT django_migrations_pkey PRIMARY KEY (id);


--
-- Name: django_session django_session_pkey; Type: CONSTRAINT; Schema: public; Owner: postgres
--

ALTER TABLE ONLY public.django_session
    ADD CONSTRAINT django_session_pkey PRIMARY KEY (session_key);


--
-- Name: lms_core_bookmark lms_core_bookmark_pkey; Type: CONSTRAINT; Schema: public; Owner: postgres
--

ALTER TABLE ONLY public.lms_core_bookmark
    ADD CONSTRAINT lms_core_bookmark_pkey PRIMARY KEY (id);


--
-- Name: lms_core_bookmark lms_core_bookmark_student_id_content_id_e711a2c4_uniq; Type: CONSTRAINT; Schema: public; Owner: postgres
--

ALTER TABLE ONLY public.lms_core_bookmark
    ADD CONSTRAINT lms_core_bookmark_student_id_content_id_e711a2c4_uniq UNIQUE (student_id, content_id);


--
-- Name: lms_core_category lms_core_category_name_key; Type: CONSTRAINT; Schema: public; Owner: postgres
--

ALTER TABLE ONLY public.lms_core_category
    ADD CONSTRAINT lms_core_category_name_key UNIQUE (name);


--
-- Name: lms_core_category lms_core_category_pkey; Type: CONSTRAINT; Schema: public; Owner: postgres
--

ALTER TABLE ONLY public.lms_core_category
    ADD CONSTRAINT lms_core_category_pkey PRIMARY KEY (id);


--
-- Name: lms_core_comment lms_core_comment_pkey; Type: CONSTRAINT; Schema: public; Owner: postgres
--

ALTER TABLE ONLY public.lms_core_comment
    ADD CONSTRAINT lms_core_comment_pkey PRIMARY KEY (id);


--
-- Name: lms_core_course lms_core_course_pkey; Type: CONSTRAINT; Schema: public; Owner: postgres
--

ALTER TABLE ONLY public.lms_core_course
    ADD CONSTRAINT lms_core_course_pkey PRIMARY KEY (id);


--
-- Name: lms_core_courseannouncement lms_core_courseannouncement_pkey; Type: CONSTRAINT; Schema: public; Owner: postgres
--

ALTER TABLE ONLY public.lms_core_courseannouncement
    ADD CONSTRAINT lms_core_courseannouncement_pkey PRIMARY KEY (id);


--
-- Name: lms_core_coursecontent lms_core_coursecontent_pkey; Type: CONSTRAINT; Schema: public; Owner: postgres
--

ALTER TABLE ONLY public.lms_core_coursecontent
    ADD CONSTRAINT lms_core_coursecontent_pkey PRIMARY KEY (id);


--
-- Name: lms_core_coursemember lms_core_coursemember_pkey; Type: CONSTRAINT; Schema: public; Owner: postgres
--

ALTER TABLE ONLY public.lms_core_coursemember
    ADD CONSTRAINT lms_core_coursemember_pkey PRIMARY KEY (id);


--
-- Name: lms_core_profile lms_core_profile_pkey; Type: CONSTRAINT; Schema: public; Owner: postgres
--

ALTER TABLE ONLY public.lms_core_profile
    ADD CONSTRAINT lms_core_profile_pkey PRIMARY KEY (id);


--
-- Name: lms_core_profile lms_core_profile_user_id_key; Type: CONSTRAINT; Schema: public; Owner: postgres
--

ALTER TABLE ONLY public.lms_core_profile
    ADD CONSTRAINT lms_core_profile_user_id_key UNIQUE (user_id);


--
-- Name: auth_group_name_a6ea08ec_like; Type: INDEX; Schema: public; Owner: postgres
--

CREATE INDEX auth_group_name_a6ea08ec_like ON public.auth_group USING btree (name varchar_pattern_ops);


--
-- Name: auth_group_permissions_group_id_b120cbf9; Type: INDEX; Schema: public; Owner: postgres
--

CREATE INDEX auth_group_permissions_group_id_b120cbf9 ON public.auth_group_permissions USING btree (group_id);


--
-- Name: auth_group_permissions_permission_id_84c5c92e; Type: INDEX; Schema: public; Owner: postgres
--

CREATE INDEX auth_group_permissions_permission_id_84c5c92e ON public.auth_group_permissions USING btree (permission_id);


--
-- Name: auth_permission_content_type_id_2f476e4b; Type: INDEX; Schema: public; Owner: postgres
--

CREATE INDEX auth_permission_content_type_id_2f476e4b ON public.auth_permission USING btree (content_type_id);


--
-- Name: auth_user_groups_group_id_97559544; Type: INDEX; Schema: public; Owner: postgres
--

CREATE INDEX auth_user_groups_group_id_97559544 ON public.auth_user_groups USING btree (group_id);


--
-- Name: auth_user_groups_user_id_6a12ed8b; Type: INDEX; Schema: public; Owner: postgres
--

CREATE INDEX auth_user_groups_user_id_6a12ed8b ON public.auth_user_groups USING btree (user_id);


--
-- Name: auth_user_user_permissions_permission_id_1fbb5f2c; Type: INDEX; Schema: public; Owner: postgres
--

CREATE INDEX auth_user_user_permissions_permission_id_1fbb5f2c ON public.auth_user_user_permissions USING btree (permission_id);


--
-- Name: auth_user_user_permissions_user_id_a95ead1b; Type: INDEX; Schema: public; Owner: postgres
--

CREATE INDEX auth_user_user_permissions_user_id_a95ead1b ON public.auth_user_user_permissions USING btree (user_id);


--
-- Name: auth_user_username_6821ab7c_like; Type: INDEX; Schema: public; Owner: postgres
--

CREATE INDEX auth_user_username_6821ab7c_like ON public.auth_user USING btree (username varchar_pattern_ops);


--
-- Name: django_admin_log_content_type_id_c4bce8eb; Type: INDEX; Schema: public; Owner: postgres
--

CREATE INDEX django_admin_log_content_type_id_c4bce8eb ON public.django_admin_log USING btree (content_type_id);


--
-- Name: django_admin_log_user_id_c564eba6; Type: INDEX; Schema: public; Owner: postgres
--

CREATE INDEX django_admin_log_user_id_c564eba6 ON public.django_admin_log USING btree (user_id);


--
-- Name: django_session_expire_date_a5c62663; Type: INDEX; Schema: public; Owner: postgres
--

CREATE INDEX django_session_expire_date_a5c62663 ON public.django_session USING btree (expire_date);


--
-- Name: django_session_session_key_c0390e0f_like; Type: INDEX; Schema: public; Owner: postgres
--

CREATE INDEX django_session_session_key_c0390e0f_like ON public.django_session USING btree (session_key varchar_pattern_ops);


--
-- Name: lms_core_bookmark_content_id_9d4a3901; Type: INDEX; Schema: public; Owner: postgres
--

CREATE INDEX lms_core_bookmark_content_id_9d4a3901 ON public.lms_core_bookmark USING btree (content_id);


--
-- Name: lms_core_bookmark_student_id_4ad90547; Type: INDEX; Schema: public; Owner: postgres
--

CREATE INDEX lms_core_bookmark_student_id_4ad90547 ON public.lms_core_bookmark USING btree (student_id);


--
-- Name: lms_core_category_name_885856c8_like; Type: INDEX; Schema: public; Owner: postgres
--

CREATE INDEX lms_core_category_name_885856c8_like ON public.lms_core_category USING btree (name varchar_pattern_ops);


--
-- Name: lms_core_comment_content_id_id_5d7612d6; Type: INDEX; Schema: public; Owner: postgres
--

CREATE INDEX lms_core_comment_content_id_id_5d7612d6 ON public.lms_core_comment USING btree (content_id_id);


--
-- Name: lms_core_comment_member_id_id_ec7cc83c; Type: INDEX; Schema: public; Owner: postgres
--

CREATE INDEX lms_core_comment_member_id_id_ec7cc83c ON public.lms_core_comment USING btree (member_id_id);


--
-- Name: lms_core_course_category_id_61aa8da9; Type: INDEX; Schema: public; Owner: postgres
--

CREATE INDEX lms_core_course_category_id_61aa8da9 ON public.lms_core_course USING btree (category_id);


--
-- Name: lms_core_course_teacher_id_e8be8a98; Type: INDEX; Schema: public; Owner: postgres
--

CREATE INDEX lms_core_course_teacher_id_e8be8a98 ON public.lms_core_course USING btree (teacher_id);


--
-- Name: lms_core_courseannouncement_course_id_44e91666; Type: INDEX; Schema: public; Owner: postgres
--

CREATE INDEX lms_core_courseannouncement_course_id_44e91666 ON public.lms_core_courseannouncement USING btree (course_id);


--
-- Name: lms_core_courseannouncement_teacher_id_322d6667; Type: INDEX; Schema: public; Owner: postgres
--

CREATE INDEX lms_core_courseannouncement_teacher_id_322d6667 ON public.lms_core_courseannouncement USING btree (teacher_id);


--
-- Name: lms_core_coursecontent_course_id_id_07a70c73; Type: INDEX; Schema: public; Owner: postgres
--

CREATE INDEX lms_core_coursecontent_course_id_id_07a70c73 ON public.lms_core_coursecontent USING btree (course_id_id);


--
-- Name: lms_core_coursecontent_parent_id_id_94e15173; Type: INDEX; Schema: public; Owner: postgres
--

CREATE INDEX lms_core_coursecontent_parent_id_id_94e15173 ON public.lms_core_coursecontent USING btree (parent_id_id);


--
-- Name: lms_core_coursemember_course_id_id_2f8ef493; Type: INDEX; Schema: public; Owner: postgres
--

CREATE INDEX lms_core_coursemember_course_id_id_2f8ef493 ON public.lms_core_coursemember USING btree (course_id_id);


--
-- Name: lms_core_coursemember_user_id_id_9ded9bdc; Type: INDEX; Schema: public; Owner: postgres
--

CREATE INDEX lms_core_coursemember_user_id_id_9ded9bdc ON public.lms_core_coursemember USING btree (user_id_id);


--
-- Name: auth_group_permissions auth_group_permissio_permission_id_84c5c92e_fk_auth_perm; Type: FK CONSTRAINT; Schema: public; Owner: postgres
--

ALTER TABLE ONLY public.auth_group_permissions
    ADD CONSTRAINT auth_group_permissio_permission_id_84c5c92e_fk_auth_perm FOREIGN KEY (permission_id) REFERENCES public.auth_permission(id) DEFERRABLE INITIALLY DEFERRED;


--
-- Name: auth_group_permissions auth_group_permissions_group_id_b120cbf9_fk_auth_group_id; Type: FK CONSTRAINT; Schema: public; Owner: postgres
--

ALTER TABLE ONLY public.auth_group_permissions
    ADD CONSTRAINT auth_group_permissions_group_id_b120cbf9_fk_auth_group_id FOREIGN KEY (group_id) REFERENCES public.auth_group(id) DEFERRABLE INITIALLY DEFERRED;


--
-- Name: auth_permission auth_permission_content_type_id_2f476e4b_fk_django_co; Type: FK CONSTRAINT; Schema: public; Owner: postgres
--

ALTER TABLE ONLY public.auth_permission
    ADD CONSTRAINT auth_permission_content_type_id_2f476e4b_fk_django_co FOREIGN KEY (content_type_id) REFERENCES public.django_content_type(id) DEFERRABLE INITIALLY DEFERRED;


--
-- Name: auth_user_groups auth_user_groups_group_id_97559544_fk_auth_group_id; Type: FK CONSTRAINT; Schema: public; Owner: postgres
--

ALTER TABLE ONLY public.auth_user_groups
    ADD CONSTRAINT auth_user_groups_group_id_97559544_fk_auth_group_id FOREIGN KEY (group_id) REFERENCES public.auth_group(id) DEFERRABLE INITIALLY DEFERRED;


--
-- Name: auth_user_groups auth_user_groups_user_id_6a12ed8b_fk_auth_user_id; Type: FK CONSTRAINT; Schema: public; Owner: postgres
--

ALTER TABLE ONLY public.auth_user_groups
    ADD CONSTRAINT auth_user_groups_user_id_6a12ed8b_fk_auth_user_id FOREIGN KEY (user_id) REFERENCES public.auth_user(id) DEFERRABLE INITIALLY DEFERRED;


--
-- Name: auth_user_user_permissions auth_user_user_permi_permission_id_1fbb5f2c_fk_auth_perm; Type: FK CONSTRAINT; Schema: public; Owner: postgres
--

ALTER TABLE ONLY public.auth_user_user_permissions
    ADD CONSTRAINT auth_user_user_permi_permission_id_1fbb5f2c_fk_auth_perm FOREIGN KEY (permission_id) REFERENCES public.auth_permission(id) DEFERRABLE INITIALLY DEFERRED;


--
-- Name: auth_user_user_permissions auth_user_user_permissions_user_id_a95ead1b_fk_auth_user_id; Type: FK CONSTRAINT; Schema: public; Owner: postgres
--

ALTER TABLE ONLY public.auth_user_user_permissions
    ADD CONSTRAINT auth_user_user_permissions_user_id_a95ead1b_fk_auth_user_id FOREIGN KEY (user_id) REFERENCES public.auth_user(id) DEFERRABLE INITIALLY DEFERRED;


--
-- Name: django_admin_log django_admin_log_content_type_id_c4bce8eb_fk_django_co; Type: FK CONSTRAINT; Schema: public; Owner: postgres
--

ALTER TABLE ONLY public.django_admin_log
    ADD CONSTRAINT django_admin_log_content_type_id_c4bce8eb_fk_django_co FOREIGN KEY (content_type_id) REFERENCES public.django_content_type(id) DEFERRABLE INITIALLY DEFERRED;


--
-- Name: django_admin_log django_admin_log_user_id_c564eba6_fk_auth_user_id; Type: FK CONSTRAINT; Schema: public; Owner: postgres
--

ALTER TABLE ONLY public.django_admin_log
    ADD CONSTRAINT django_admin_log_user_id_c564eba6_fk_auth_user_id FOREIGN KEY (user_id) REFERENCES public.auth_user(id) DEFERRABLE INITIALLY DEFERRED;


--
-- Name: lms_core_bookmark lms_core_bookmark_content_id_9d4a3901_fk_lms_core_; Type: FK CONSTRAINT; Schema: public; Owner: postgres
--

ALTER TABLE ONLY public.lms_core_bookmark
    ADD CONSTRAINT lms_core_bookmark_content_id_9d4a3901_fk_lms_core_ FOREIGN KEY (content_id) REFERENCES public.lms_core_coursecontent(id) DEFERRABLE INITIALLY DEFERRED;


--
-- Name: lms_core_bookmark lms_core_bookmark_student_id_4ad90547_fk_auth_user_id; Type: FK CONSTRAINT; Schema: public; Owner: postgres
--

ALTER TABLE ONLY public.lms_core_bookmark
    ADD CONSTRAINT lms_core_bookmark_student_id_4ad90547_fk_auth_user_id FOREIGN KEY (student_id) REFERENCES public.auth_user(id) DEFERRABLE INITIALLY DEFERRED;


--
-- Name: lms_core_comment lms_core_comment_content_id_id_5d7612d6_fk_lms_core_; Type: FK CONSTRAINT; Schema: public; Owner: postgres
--

ALTER TABLE ONLY public.lms_core_comment
    ADD CONSTRAINT lms_core_comment_content_id_id_5d7612d6_fk_lms_core_ FOREIGN KEY (content_id_id) REFERENCES public.lms_core_coursecontent(id) DEFERRABLE INITIALLY DEFERRED;


--
-- Name: lms_core_comment lms_core_comment_member_id_id_ec7cc83c_fk_lms_core_; Type: FK CONSTRAINT; Schema: public; Owner: postgres
--

ALTER TABLE ONLY public.lms_core_comment
    ADD CONSTRAINT lms_core_comment_member_id_id_ec7cc83c_fk_lms_core_ FOREIGN KEY (member_id_id) REFERENCES public.lms_core_coursemember(id) DEFERRABLE INITIALLY DEFERRED;


--
-- Name: lms_core_course lms_core_course_category_id_61aa8da9_fk_lms_core_category_id; Type: FK CONSTRAINT; Schema: public; Owner: postgres
--

ALTER TABLE ONLY public.lms_core_course
    ADD CONSTRAINT lms_core_course_category_id_61aa8da9_fk_lms_core_category_id FOREIGN KEY (category_id) REFERENCES public.lms_core_category(id) DEFERRABLE INITIALLY DEFERRED;


--
-- Name: lms_core_course lms_core_course_teacher_id_e8be8a98_fk_auth_user_id; Type: FK CONSTRAINT; Schema: public; Owner: postgres
--

ALTER TABLE ONLY public.lms_core_course
    ADD CONSTRAINT lms_core_course_teacher_id_e8be8a98_fk_auth_user_id FOREIGN KEY (teacher_id) REFERENCES public.auth_user(id) DEFERRABLE INITIALLY DEFERRED;


--
-- Name: lms_core_courseannouncement lms_core_courseannou_course_id_44e91666_fk_lms_core_; Type: FK CONSTRAINT; Schema: public; Owner: postgres
--

ALTER TABLE ONLY public.lms_core_courseannouncement
    ADD CONSTRAINT lms_core_courseannou_course_id_44e91666_fk_lms_core_ FOREIGN KEY (course_id) REFERENCES public.lms_core_course(id) DEFERRABLE INITIALLY DEFERRED;


--
-- Name: lms_core_courseannouncement lms_core_courseannouncement_teacher_id_322d6667_fk_auth_user_id; Type: FK CONSTRAINT; Schema: public; Owner: postgres
--

ALTER TABLE ONLY public.lms_core_courseannouncement
    ADD CONSTRAINT lms_core_courseannouncement_teacher_id_322d6667_fk_auth_user_id FOREIGN KEY (teacher_id) REFERENCES public.auth_user(id) DEFERRABLE INITIALLY DEFERRED;


--
-- Name: lms_core_coursecontent lms_core_courseconte_course_id_id_07a70c73_fk_lms_core_; Type: FK CONSTRAINT; Schema: public; Owner: postgres
--

ALTER TABLE ONLY public.lms_core_coursecontent
    ADD CONSTRAINT lms_core_courseconte_course_id_id_07a70c73_fk_lms_core_ FOREIGN KEY (course_id_id) REFERENCES public.lms_core_course(id) DEFERRABLE INITIALLY DEFERRED;


--
-- Name: lms_core_coursecontent lms_core_courseconte_parent_id_id_94e15173_fk_lms_core_; Type: FK CONSTRAINT; Schema: public; Owner: postgres
--

ALTER TABLE ONLY public.lms_core_coursecontent
    ADD CONSTRAINT lms_core_courseconte_parent_id_id_94e15173_fk_lms_core_ FOREIGN KEY (parent_id_id) REFERENCES public.lms_core_coursecontent(id) DEFERRABLE INITIALLY DEFERRED;


--
-- Name: lms_core_coursemember lms_core_coursemembe_course_id_id_2f8ef493_fk_lms_core_; Type: FK CONSTRAINT; Schema: public; Owner: postgres
--

ALTER TABLE ONLY public.lms_core_coursemember
    ADD CONSTRAINT lms_core_coursemembe_course_id_id_2f8ef493_fk_lms_core_ FOREIGN KEY (course_id_id) REFERENCES public.lms_core_course(id) DEFERRABLE INITIALLY DEFERRED;


--
-- Name: lms_core_coursemember lms_core_coursemember_user_id_id_9ded9bdc_fk_auth_user_id; Type: FK CONSTRAINT; Schema: public; Owner: postgres
--

ALTER TABLE ONLY public.lms_core_coursemember
    ADD CONSTRAINT lms_core_coursemember_user_id_id_9ded9bdc_fk_auth_user_id FOREIGN KEY (user_id_id) REFERENCES public.auth_user(id) DEFERRABLE INITIALLY DEFERRED;


--
-- Name: lms_core_profile lms_core_profile_user_id_a4a3e216_fk_auth_user_id; Type: FK CONSTRAINT; Schema: public; Owner: postgres
--

ALTER TABLE ONLY public.lms_core_profile
    ADD CONSTRAINT lms_core_profile_user_id_a4a3e216_fk_auth_user_id FOREIGN KEY (user_id) REFERENCES public.auth_user(id) DEFERRABLE INITIALLY DEFERRED;


--
-- PostgreSQL database dump complete
--

